category,question,answer,context
National Parks,How many national parks does Rwanda have?,Rwanda has four national parks.,Rwanda has four national parks. is a notable topic related to National Parks in Rwanda.
National Parks,What are the names of Rwanda's national parks?,"Rwanda's national parks are Volcanoes National Park, Akagera National Park, Nyungwe National Park, and Gishwati-Mukura National Park.","Rwanda's national parks are Volcanoes National Park, Akagera National Park, Nyungwe National Park, and Gishwati-Mukura National Park. is a notable topic related to National Parks in Rwanda."
National Parks,Which national park is best for gorilla trekking?,Volcanoes National Park is the best destination for gorilla trekking in Rwanda.,Volcanoes National Park is the best destination for gorilla trekking in Rwanda. is a notable topic related to National Parks in Rwanda.
National Parks,Which park is ideal for a classic African safari experience?,Akagera National Park is ideal for a classic safari with sightings of lions,Akagera National Park is ideal for a classic safari with sightings of lions is a notable topic related to National Parks in Rwanda.
National Parks,Where is Volcanoes National Park located?,It is located in the northwestern part of Rwanda,It is located in the northwestern part of Rwanda is a notable topic related to National Parks in Rwanda.
National Parks,What wildlife can be seen in Volcanoes National Park?,Visitors can see mountain gorillas,Visitors can see mountain gorillas is a notable topic related to National Parks in Rwanda.
National Parks,How many volcanoes are in the Virunga range in Rwanda?,There are five main volcanoes: Karisimbi,There are five main volcanoes: Karisimbi is a notable topic related to National Parks in Rwanda.
National Parks,What is the height of Mount Karisimbi?,Mount Karisimbi is 4,Mount Karisimbi is 4 is a notable topic related to National Parks in Rwanda.
National Parks,Can tourists track golden monkeys in Volcanoes National Park?,Yes,Yes is a notable topic related to National Parks in Rwanda.
National Parks,What is the entrance fee for Volcanoes National Park?,The fee is $50 for non-residents,The fee is $50 for non-residents is a notable topic related to National Parks in Rwanda.
National Parks,What should visitors wear for Volcanoes National Park treks?,Sturdy shoes,Sturdy shoes is a notable topic related to National Parks in Rwanda.
National Parks,What is the best season to visit Volcanoes National Park?,The dry seasons,The dry seasons is a notable topic related to National Parks in Rwanda.
National Parks,Where is Akagera National Park located?,Akagera is in the Eastern Province of Rwanda,Akagera is in the Eastern Province of Rwanda is a notable topic related to National Parks in Rwanda.
National Parks,What animals can you see in Akagera National Park?,Akagera hosts lions,Akagera hosts lions is a notable topic related to National Parks in Rwanda.
National Parks,Can visitors self-drive in Akagera National Park?,Yes,Yes is a notable topic related to National Parks in Rwanda.
National Parks,Are boat trips available in Akagera National Park?,Yes,Yes is a notable topic related to National Parks in Rwanda.
National Parks,What is the climate like in Akagera National Park?,Akagera has warm days and cool nights,Akagera has warm days and cool nights is a notable topic related to National Parks in Rwanda.
National Parks,What conservation efforts are ongoing in Akagera?,African Parks manages the park,African Parks manages the park is a notable topic related to National Parks in Rwanda.
National Parks,Where can visitors stay in Akagera National Park?,Accommodations include Ruzizi Tented Lodge and other eco-lodges near Lake Ihema.,Accommodations include Ruzizi Tented Lodge and other eco-lodges near Lake Ihema. is a notable topic related to National Parks in Rwanda.
National Parks,Is Nyungwe Forest National Park a rainforest?,Yes,Yes is a notable topic related to National Parks in Rwanda.
National Parks,Which primates are found in Nyungwe National Park?,Chimpanzees,Chimpanzees is a notable topic related to National Parks in Rwanda.
National Parks,What is the length of the Canopy Walk in Nyungwe?,The canopy walk is 90 meters long and 50 meters above the forest floor.,The canopy walk is 90 meters long and 50 meters above the forest floor. is a notable topic related to National Parks in Rwanda.
National Parks,What bird species are common in Nyungwe National Park?,Nyungwe is home to over 300 bird species including the Ruwenzori turaco and mountain yellow warbler.,Nyungwe is home to over 300 bird species including the Ruwenzori turaco and mountain yellow warbler. is a notable topic related to National Parks in Rwanda.
National Parks,Which season is best for visiting Nyungwe Forest?,Dry seasons from June to September and December to February are ideal for wildlife viewing and trekking.,Dry seasons from June to September and December to February are ideal for wildlife viewing and trekking. is a notable topic related to National Parks in Rwanda.
National Parks,What activities can visitors do in Nyungwe National Park?,Hiking,Hiking is a notable topic related to National Parks in Rwanda.
National Parks,Where is Gishwati-Mukura National Park located?,It is located in the Western Province of Rwanda,It is located in the Western Province of Rwanda is a notable topic related to National Parks in Rwanda.
National Parks,What is special about Gishwati-Mukura National Park?,It is a reforested area focused on conservation of chimpanzees,It is a reforested area focused on conservation of chimpanzees is a notable topic related to National Parks in Rwanda.
National Parks,Can visitors track chimpanzees in Gishwati-Mukura?,Yes,Yes is a notable topic related to National Parks in Rwanda.
National Parks,What is the climate like in Gishwati-Mukura National Park?,The park has a tropical rainforest climate with high humidity and rainfall throughout the year.,The park has a tropical rainforest climate with high humidity and rainfall throughout the year. is a notable topic related to National Parks in Rwanda.
National Parks,Which rare bird species can be seen in Gishwati-Mukura?,The park hosts species like the great blue turaco and Ruwenzori nightjar.,The park hosts species like the great blue turaco and Ruwenzori nightjar. is a notable topic related to National Parks in Rwanda.
National Parks,How do tourists reach Volcanoes National Park from Kigali?,Visitors can drive about 2.5 to 3 hours northwest from Kigali to reach Musanze near Volcanoes National Park.,Visitors can drive about 2.5 to 3 hours northwest from Kigali to reach Musanze near Volcanoes National Park. is a notable topic related to National Parks in Rwanda.
National Parks,Is camping allowed in Akagera National Park?,Yes,Yes is a notable topic related to National Parks in Rwanda.
National Parks,Which park is known for its extensive wetlands?,Akagera National Park features large wetlands and lakes such as Lake Ihema and Lake Rwanyakazinga.,Akagera National Park features large wetlands and lakes such as Lake Ihema and Lake Rwanyakazinga. is a notable topic related to National Parks in Rwanda.
National Parks,Are there any rhinos in Akagera National Park?,Yes,Yes is a notable topic related to National Parks in Rwanda.
National Parks,What is the history of Volcanoes National Park?,Established in 1925 to protect mountain gorillas,Established in 1925 to protect mountain gorillas is a notable topic related to National Parks in Rwanda.
National Parks,Can visitors climb volcanoes in Volcanoes National Park?,Yes,Yes is a notable topic related to National Parks in Rwanda.
National Parks,What is the main river flowing through Nyungwe National Park?,The Nyabarongo River originates from Nyungwe Forest.,The Nyabarongo River originates from Nyungwe Forest. is a notable topic related to National Parks in Rwanda.
National Parks,Which national park is best for bird watching?,Nyungwe Forest National Park is ideal for bird watching due to its high avian diversity.,Nyungwe Forest National Park is ideal for bird watching due to its high avian diversity. is a notable topic related to National Parks in Rwanda.
National Parks,How many species of primates are in Nyungwe?,Nyungwe hosts 13 species of primates including chimpanzees and colobus monkeys.,Nyungwe hosts 13 species of primates including chimpanzees and colobus monkeys. is a notable topic related to National Parks in Rwanda.
National Parks,What conservation programs exist in Volcanoes National Park?,Programs include anti-poaching units,Programs include anti-poaching units is a notable topic related to National Parks in Rwanda.
National Parks,Which national park borders Tanzania?,Akagera National Park borders Tanzania to the east.,Akagera National Park borders Tanzania to the east. is a notable topic related to National Parks in Rwanda.
National Parks,Which park is Rwanda’s largest by area?,Akagera National Park is the largest,Akagera National Park is the largest is a notable topic related to National Parks in Rwanda.
National Parks,How are permits for gorilla trekking obtained?,Permits must be booked in advance through Rwanda Development Board or registered tour operators.,Permits must be booked in advance through Rwanda Development Board or registered tour operators. is a notable topic related to National Parks in Rwanda.
National Parks,What is the altitude range of Volcanoes National Park?,The park ranges from 2,The park ranges from 2 is a notable topic related to National Parks in Rwanda.
National Parks,Which park is best for night game drives?,Akagera National Park offers night drives to see nocturnal animals such as hyenas and bush babies.,Akagera National Park offers night drives to see nocturnal animals such as hyenas and bush babies. is a notable topic related to National Parks in Rwanda.
National Parks,Is Gishwati-Mukura National Park safe for tourists?,Yes,Yes is a notable topic related to National Parks in Rwanda.
National Parks,Which park has the most lakes?,Akagera National Park has several lakes including Lake Ihema,Akagera National Park has several lakes including Lake Ihema is a notable topic related to National Parks in Rwanda.
National Parks,How long is the chimpanzee tracking trek in Nyungwe?,Trek durations vary from 2 to 5 hours depending on the chimpanzee location.,Trek durations vary from 2 to 5 hours depending on the chimpanzee location. is a notable topic related to National Parks in Rwanda.
National Parks,Are there any community tourism projects in Rwanda’s national parks?,Yes,Yes is a notable topic related to National Parks in Rwanda.
National Parks,Which park offers canopy walking?,Nyungwe National Park features the canopy walk as a unique treetop experience.,Nyungwe National Park features the canopy walk as a unique treetop experience. is a notable topic related to National Parks in Rwanda.
National Parks,What is the nearest airport to Volcanoes National Park?,Kigali International Airport is approximately 2.5 to 3 hours away by road.,Kigali International Airport is approximately 2.5 to 3 hours away by road. is a notable topic related to National Parks in Rwanda.
National Parks,Are permits required for gorilla trekking in Volcanoes National Park?,Yes,Yes is a notable topic related to National Parks in Rwanda.
National Parks,Which park is known for its volcanic landscapes?,Volcanoes National Park features the Virunga volcanic mountains and crater lakes.,Volcanoes National Park features the Virunga volcanic mountains and crater lakes. is a notable topic related to National Parks in Rwanda.
National Parks,What safety measures are in place for visitors in national parks?,Guides,Guides is a notable topic related to National Parks in Rwanda.
National Parks,How many golden monkeys are estimated in Volcanoes National Park?,There are roughly 700 golden monkeys in the park.,There are roughly 700 golden monkeys in the park. is a notable topic related to National Parks in Rwanda.
National Parks,Which national park is the smallest in Rwanda?,Gishwati-Mukura National Park is Rwanda’s smallest national park.,Gishwati-Mukura National Park is Rwanda’s smallest national park. is a notable topic related to National Parks in Rwanda.
National Parks,Which park has eco-lodges within the park?,Volcanoes and Akagera National Parks have eco-lodges to accommodate tourists.,Volcanoes and Akagera National Parks have eco-lodges to accommodate tourists. is a notable topic related to National Parks in Rwanda.
National Parks,Are there hiking trails in Nyungwe National Park?,Yes,Yes is a notable topic related to National Parks in Rwanda.
National Parks,Which national park is known for its waterfalls?,Nyungwe National Park has several waterfalls,Nyungwe National Park has several waterfalls is a notable topic related to National Parks in Rwanda.
National Parks,What types of ecosystems are found in Akagera National Park?,Akagera features savannah,Akagera features savannah is a notable topic related to National Parks in Rwanda.
National Parks,Are night walks allowed in Nyungwe National Park?,Yes,Yes is a notable topic related to National Parks in Rwanda.
National Parks,Which park hosts the Umusambi Wetland?,Akagera National Park includes the Umusambi Wetland,Akagera National Park includes the Umusambi Wetland is a notable topic related to National Parks in Rwanda.
National Parks,Which park is best for photography?,All parks offer photography opportunities,All parks offer photography opportunities is a notable topic related to National Parks in Rwanda.
National Parks,Which park was formed by combining two forests?,Gishwati-Mukura National Park was formed by merging Gishwati and Mukura forests.,Gishwati-Mukura National Park was formed by merging Gishwati and Mukura forests. is a notable topic related to National Parks in Rwanda.
National Parks,How is the biodiversity of Nyungwe Forest measured?,It hosts over 1,It hosts over 1 is a notable topic related to National Parks in Rwanda.
National Parks,Which national park has a significant population of lions?,Akagera National Park is home to lions reintroduced in 2015.,Akagera National Park is home to lions reintroduced in 2015. is a notable topic related to National Parks in Rwanda.
National Parks,Are guided tours mandatory in Gishwati-Mukura?,Yes,Yes is a notable topic related to National Parks in Rwanda.
National Parks,Can visitors see hippos in Rwanda?,Yes,Yes is a notable topic related to National Parks in Rwanda.
National Parks,What type of forest covers Nyungwe?,Nyungwe is primarily covered by tropical montane rainforest.,Nyungwe is primarily covered by tropical montane rainforest. is a notable topic related to National Parks in Rwanda.
National Parks,What is the main conservation goal of Volcanoes National Park?,The park focuses on protecting mountain gorillas and their habitat.,The park focuses on protecting mountain gorillas and their habitat. is a notable topic related to National Parks in Rwanda.
National Parks,Which park allows cultural visits with local communities?,Volcanoes and Akagera National Parks facilitate community-based cultural tours.,Volcanoes and Akagera National Parks facilitate community-based cultural tours. is a notable topic related to National Parks in Rwanda.
National Parks,What is the distance between Nyungwe and Kigali?,Nyungwe National Park is approximately 225 kilometers southwest of Kigali.,Nyungwe National Park is approximately 225 kilometers southwest of Kigali. is a notable topic related to National Parks in Rwanda.
National Parks,Which park is home to the Ruwenzori colobus monkey?,Nyungwe National Park hosts the endangered Ruwenzori colobus.,Nyungwe National Park hosts the endangered Ruwenzori colobus. is a notable topic related to National Parks in Rwanda.
National Parks,Which park offers birding tours?,Nyungwe and Akagera National Parks are popular for guided birding tours.,Nyungwe and Akagera National Parks are popular for guided birding tours. is a notable topic related to National Parks in Rwanda.
National Parks,Are there any UNESCO World Heritage Sites in Rwanda’s national parks?,Yes,Yes is a notable topic related to National Parks in Rwanda.
National Parks,Can visitors do fishing in Akagera National Park?,Yes,Yes is a notable topic related to National Parks in Rwanda.
National Parks,Which park features bamboo forests?,Volcanoes National Park contains bamboo zones that are key habitats for gorillas.,Volcanoes National Park contains bamboo zones that are key habitats for gorillas. is a notable topic related to National Parks in Rwanda.
National Parks,What are the main threats to Rwanda’s national parks?,Deforestation,Deforestation is a notable topic related to National Parks in Rwanda.
National Parks,Which park is famous for its crater lakes?,Volcanoes National Park contains scenic crater lakes like Lake Burera and Lake Ruhondo.,Volcanoes National Park contains scenic crater lakes like Lake Burera and Lake Ruhondo. is a notable topic related to National Parks in Rwanda.
National Parks,Are motorbikes allowed in national parks?,Motorbikes are not permitted; only authorized vehicles and guided treks are allowed.,Motorbikes are not permitted; only authorized vehicles and guided treks are allowed. is a notable topic related to National Parks in Rwanda.
National Parks,Which park has the most hiking routes?,Nyungwe National Park has the most extensive network of hiking trails.,Nyungwe National Park has the most extensive network of hiking trails. is a notable topic related to National Parks in Rwanda.
National Parks,What is the recommended duration to visit Volcanoes National Park?,Visitors typically spend 2-3 days for gorilla trekking and golden monkey tracking.,Visitors typically spend 2-3 days for gorilla trekking and golden monkey tracking. is a notable topic related to National Parks in Rwanda.
National Parks,Which park has recently reintroduced black rhinos?,Akagera National Park reintroduced black rhinos to restore biodiversity.,Akagera National Park reintroduced black rhinos to restore biodiversity. is a notable topic related to National Parks in Rwanda.
National Parks,Are there any educational programs in Rwanda’s parks?,Yes,Yes is a notable topic related to National Parks in Rwanda.
National Parks,Can visitors see leopards in Rwanda?,Yes,Yes is a notable topic related to National Parks in Rwanda.
National Parks,Which park is part of the Congo-Nile Divide?,Nyungwe National Park is located along the Congo-Nile Divide.,Nyungwe National Park is located along the Congo-Nile Divide. is a notable topic related to National Parks in Rwanda.
National Parks,Which national park is home to the Mukura forest?,Gishwati-Mukura National Park contains the Mukura section of the forest.,Gishwati-Mukura National Park contains the Mukura section of the forest. is a notable topic related to National Parks in Rwanda.
National Parks,Are there safari guides available in Akagera?,Yes,Yes is a notable topic related to National Parks in Rwanda.
National Parks,Which park is famous for trekking and climbing volcanoes?,Volcanoes National Park is known for trekking and volcano climbing.,Volcanoes National Park is known for trekking and volcano climbing. is a notable topic related to National Parks in Rwanda.
National Parks,Which park is known for its rich butterfly species?,Nyungwe National Park hosts over 200 species of butterflies.,Nyungwe National Park hosts over 200 species of butterflies. is a notable topic related to National Parks in Rwanda.
National Parks,Which national park provides eco-tourism experiences?,All parks offer eco-tourism,All parks offer eco-tourism is a notable topic related to National Parks in Rwanda.
National Parks,Can visitors do photography safaris in Akagera?,Yes,Yes is a notable topic related to National Parks in Rwanda.
National Parks,Which park has a research center for gorillas?,Volcanoes National Park hosts the Karisoke Research Center for gorilla study.,Volcanoes National Park hosts the Karisoke Research Center for gorilla study. is a notable topic related to National Parks in Rwanda.
National Parks,Which park is home to bamboo lemurs?,Volcanoes National Park has bamboo zones which are habitats for rare primates like golden monkeys.,Volcanoes National Park has bamboo zones which are habitats for rare primates like golden monkeys. is a notable topic related to National Parks in Rwanda.
National Parks,Which park has volcanic soil beneficial for biodiversity?,Volcanoes National Park’s volcanic soil supports rich vegetation and diverse wildlife.,Volcanoes National Park’s volcanic soil supports rich vegetation and diverse wildlife. is a notable topic related to National Parks in Rwanda.
National Parks,Are there any night safaris in Akagera?,Yes,Yes is a notable topic related to National Parks in Rwanda.
National Parks,Which park has educational trails?,Nyungwe National Park has interpretive trails for learning about forest ecology and wildlife.,Nyungwe National Park has interpretive trails for learning about forest ecology and wildlife. is a notable topic related to National Parks in Rwanda.
National Parks,What is the best mode of transport between national parks?,Private car or organized tour vehicles are recommended for safe travel between parks.,Private car or organized tour vehicles are recommended for safe travel between parks. is a notable topic related to National Parks in Rwanda.
National Parks,Which park has the highest number of endemic plant species?,Nyungwe National Park hosts numerous endemic plants due to its montane rainforest ecosystem.,Nyungwe National Park hosts numerous endemic plants due to its montane rainforest ecosystem. is a notable topic related to National Parks in Rwanda.
National Parks,Which park has the most mammals besides gorillas?,Akagera National Park has the most large mammal diversity in Rwanda.,Akagera National Park has the most large mammal diversity in Rwanda. is a notable topic related to National Parks in Rwanda.
National Parks,Can visitors see elephants in Rwanda?,Yes,Yes is a notable topic related to National Parks in Rwanda.
National Parks,Which national park is part of a transboundary conservation area?,Volcanoes National Park is part of the Greater Virunga Landscape shared with Uganda and DRC.,Volcanoes National Park is part of the Greater Virunga Landscape shared with Uganda and DRC. is a notable topic related to National Parks in Rwanda.
National Parks,Are there any eco-volunteer programs in Rwanda’s parks?,Yes,Yes is a notable topic related to National Parks in Rwanda.
National Parks,Which park is best for a family visit?,Akagera National Park is family-friendly with easy game drives,Akagera National Park is family-friendly with easy game drives is a notable topic related to National Parks in Rwanda.
National Parks,Can visitors hike to waterfalls in Nyungwe?,Yes,Yes is a notable topic related to National Parks in Rwanda.
National Parks,Which park has a network of rivers and streams?,Nyungwe National Park has numerous rivers,Nyungwe National Park has numerous rivers is a notable topic related to National Parks in Rwanda.
National Parks,Which park is best for beginner hikers?,Akagera National Park offers flat terrain and easy walking trails suitable for beginners.,Akagera National Park offers flat terrain and easy walking trails suitable for beginners. is a notable topic related to National Parks in Rwanda.
National Parks,Which park has the oldest forest in Africa?,Nyungwe Forest National Park is one of Africa’s oldest forests,Nyungwe Forest National Park is one of Africa’s oldest forests is a notable topic related to National Parks in Rwanda.
National Parks,Which park was a former logging area now restored?,Gishwati-Mukura National Park was previously logged and has been restored for conservation.,Gishwati-Mukura National Park was previously logged and has been restored for conservation. is a notable topic related to National Parks in Rwanda.
National Parks,Can visitors participate in conservation activities?,Yes,Yes is a notable topic related to National Parks in Rwanda.
National Parks,Which park is home to the lake Akagera ecosystem?,Akagera National Park contains the lake system including Lake Ihema and surrounding wetlands.,Akagera National Park contains the lake system including Lake Ihema and surrounding wetlands. is a notable topic related to National Parks in Rwanda.
National Parks,Which national park is known for its hiking trails in bamboo forests?,Volcanoes National Park features scenic bamboo trails for gorilla trekking.,Volcanoes National Park features scenic bamboo trails for gorilla trekking. is a notable topic related to National Parks in Rwanda.
National Parks,Are there accommodations inside Nyungwe National Park?,Yes,Yes is a notable topic related to National Parks in Rwanda.
National Parks,Which park is ideal for spotting crocodiles?,Crocodiles can be seen in lakes and rivers of Akagera National Park.,Crocodiles can be seen in lakes and rivers of Akagera National Park. is a notable topic related to National Parks in Rwanda.
National Parks,Which park is closest to Kigali?,Volcanoes National Park is the closest,Volcanoes National Park is the closest is a notable topic related to National Parks in Rwanda.
National Parks,Which park has the most diverse reptile species?,Nyungwe Forest National Park has a high diversity of reptiles including snakes and lizards.,Nyungwe Forest National Park has a high diversity of reptiles including snakes and lizards. is a notable topic related to National Parks in Rwanda.
National Parks,Which park offers guided cultural walks?,Akagera National Park offers cultural walks with local communities around the park.,Akagera National Park offers cultural walks with local communities around the park. is a notable topic related to National Parks in Rwanda.
National Parks,Which park has volcanic craters that tourists can visit?,Volcanoes National Park features accessible volcanic craters like Bisoke Crater Lake.,Volcanoes National Park features accessible volcanic craters like Bisoke Crater Lake. is a notable topic related to National Parks in Rwanda.
National Parks,Which park is suitable for bird photography?,Nyungwe National Park is ideal for bird photography due to its diverse and colorful species.,Nyungwe National Park is ideal for bird photography due to its diverse and colorful species. is a notable topic related to National Parks in Rwanda.
National Parks,Which park focuses on both wildlife and forest conservation?,Gishwati-Mukura National Park emphasizes chimpanzee,Gishwati-Mukura National Park emphasizes chimpanzee is a notable topic related to National Parks in Rwanda.
National Parks,Are guided canoe trips available in Rwanda’s parks?,Yes,Yes is a notable topic related to National Parks in Rwanda.
National Parks,Which park is known for its scenic mountain landscapes?,Volcanoes National Park is famous for the Virunga volcanic mountains and scenic viewpoints.,Volcanoes National Park is famous for the Virunga volcanic mountains and scenic viewpoints. is a notable topic related to National Parks in Rwanda.
National Parks,Which park offers eco-lodge experiences within wetlands?,Akagera National Park offers eco-lodges near wetlands and lakes for immersive wildlife experiences.,Akagera National Park offers eco-lodges near wetlands and lakes for immersive wildlife experiences. is a notable topic related to National Parks in Rwanda.
National Parks,Which park has the highest number of endemic birds?,Nyungwe National Park hosts many endemic bird species unique to the region.,Nyungwe National Park hosts many endemic bird species unique to the region. is a notable topic related to National Parks in Rwanda.
Cultural and heritage,What is the traditional Rwandan greeting?,"Rwandans traditionally greet each other by shaking hands and saying ""Muraho"" or ""Amakuru","Rwandans traditionally greet each other by shaking hands and saying ""Muraho"" or ""Amakuru is a notable topic related to Cultural and heritage in Rwanda."
Cultural and heritage,What makes Lake Burera attractive?,"Lake Burera is known for its dramatic scenery, terraced hillsides, boat excursions, fishing communities, and beautiful sunrise and sunset views.","Lake Burera is known for its dramatic scenery, terraced hillsides, boat excursions, fishing communities, and beautiful sunrise and sunset views. is a notable topic related to Cultural and heritage in Rwanda."
Cultural and heritage,What are traditional Rwandan games?,"Traditional games include Igisoro (mancala-style board game), various singing and dancing games, wrestling, and archery.","Traditional games include Igisoro (mancala-style board game), various singing and dancing games, wrestling, and archery. is a notable topic related to Cultural and heritage in Rwanda."
Cultural and heritage,What is Urwagwa and how is it made?,Urwagwa is traditional banana beer made by fermenting mashed bananas with sorghum or millet.,Urwagwa is traditional banana beer made by fermenting mashed bananas with sorghum or millet. is a notable topic related to Cultural and heritage in Rwanda.
Cultural and heritage,What is the Busasamana Cave system?,"The Busasamana Cave is a 1 km long cave connecting several other caves, ideal for caving experiences.","The Busasamana Cave is a 1 km long cave connecting several other caves, ideal for caving experiences. is a notable topic related to Cultural and heritage in Rwanda."
Cultural and heritage,What can tourists see in Rwamagana?,"Rwamagana offers access to traditional markets, agricultural sites, and authentic rural tourism experiences.","Rwamagana offers access to traditional markets, agricultural sites, and authentic rural tourism experiences. is a notable topic related to Cultural and heritage in Rwanda."
Cultural and heritage,What is Amasunzu in Rwandan culture?,"Amasunzu is a traditional Rwandan hairstyle symbolizing power, nobility, and bravery.","Amasunzu is a traditional Rwandan hairstyle symbolizing power, nobility, and bravery. is a notable topic related to Cultural and heritage in Rwanda."
Cultural and heritage,What dining customs exist in Rwanda?,"Dining customs include communal eating from shared dishes, hand washing before meals, and respect for elders.","Dining customs include communal eating from shared dishes, hand washing before meals, and respect for elders. is a notable topic related to Cultural and heritage in Rwanda."
Cultural and heritage,What are Rwanda's traditional crafts?,"Traditional crafts include weaving, basket making, and pottery, often used in ceremonies.","Traditional crafts include weaving, basket making, and pottery, often used in ceremonies. is a notable topic related to Cultural and heritage in Rwanda."
Cultural and heritage,What is Ibikori and how is it served?,"Ibikori refers to maize preparations, often served as a side dish or snack.","Ibikori refers to maize preparations, often served as a side dish or snack. is a notable topic related to Cultural and heritage in Rwanda."
Cultural and heritage,What is traditional Rwandan porridge?,"Traditional porridge is made from sorghum, millet, or maize, served sweetened or plain.","Traditional porridge is made from sorghum, millet, or maize, served sweetened or plain. is a notable topic related to Cultural and heritage in Rwanda."
Cultural and heritage,What is Ikivuguto and how is it made?,"Ikivuguto is fermented milk, thick and slightly sour, consumed as a drink or used in cooking.","Ikivuguto is fermented milk, thick and slightly sour, consumed as a drink or used in cooking. is a notable topic related to Cultural and heritage in Rwanda."
Cultural and heritage,What is Ugali and how is it prepared?,"Ugali is a thick porridge made from maize flour, cooked until firm, and served with stews or vegetables.","Ugali is a thick porridge made from maize flour, cooked until firm, and served with stews or vegetables. is a notable topic related to Cultural and heritage in Rwanda."
Cultural and heritage,How is food shared during ceremonies?,"Food is shared communally with specific protocols, emphasizing unity and hospitality.","Food is shared communally with specific protocols, emphasizing unity and hospitality. is a notable topic related to Cultural and heritage in Rwanda."
Cultural and heritage,What makes Kigali's districts unique?,"Nyarugenge has historical sites, Gasabo features modern developments, and Kicukiro showcases urban planning.","Nyarugenge has historical sites, Gasabo features modern developments, and Kicukiro showcases urban planning. is a notable topic related to Cultural and heritage in Rwanda."
Cultural and heritage,What is significant about Nyanza town?,"Nyanza is historically significant as the former royal capital, with the reconstructed King's Palace and Inyambo cattle.","Nyanza is historically significant as the former royal capital, with the reconstructed King's Palace and Inyambo cattle. is a notable topic related to Cultural and heritage in Rwanda."
Cultural and heritage,What is Imigongo art in Rwandan culture?,Imigongo is a traditional Rwandan art form made from cow dung with geometric designs.,Imigongo is a traditional Rwandan art form made from cow dung with geometric designs. is a notable topic related to Cultural and heritage in Rwanda.
Cultural and heritage,How many museums can be found in Rwanda?,"Rwanda has several museums including the King’s Palace, Ethnographic Museum, Kigali Genocide Memorial, Rwanda Art Museum, Kandt House Museum, and the Museum of the Environment.","Rwanda has several museums including the King’s Palace, Ethnographic Museum, Kigali Genocide Memorial, Rwanda Art Museum, Kandt House Museum, and the Museum of the Environment. is a notable topic related to Cultural and heritage in Rwanda."
Cultural and heritage,What are traditional Rwandan ceremonies?,"Traditional ceremonies include Kwita Izina, Guca Mbere, Kuraguza Ubwoba, and coming-of-age rituals.","Traditional ceremonies include Kwita Izina, Guca Mbere, Kuraguza Ubwoba, and coming-of-age rituals. is a notable topic related to Cultural and heritage in Rwanda."
Cultural and heritage,How are special occasion meals prepared?,"Special meals include multiple dishes, traditional beer, and preparations requiring more time and ingredients than everyday meals.","Special meals include multiple dishes, traditional beer, and preparations requiring more time and ingredients than everyday meals. is a notable topic related to Cultural and heritage in Rwanda."
Cultural and heritage,What drinks accompany traditional meals?,"Water, fermented milk, banana beer, fruit juices, tea, and coffee accompany traditional meals depending on occasion.","Water, fermented milk, banana beer, fruit juices, tea, and coffee accompany traditional meals depending on occasion. is a notable topic related to Cultural and heritage in Rwanda."
Cultural and heritage,What makes Kibungo unique for travelers?,"Kibungo offers rural experiences, proximity to Akagera, traditional markets, and gateway to Tanzania.","Kibungo offers rural experiences, proximity to Akagera, traditional markets, and gateway to Tanzania. is a notable topic related to Cultural and heritage in Rwanda."
Cultural and heritage,What makes Kayonza special for visitors?,"Kayonza offers agricultural tourism, traditional markets, and a stopover for safari-bound travelers.","Kayonza offers agricultural tourism, traditional markets, and a stopover for safari-bound travelers. is a notable topic related to Cultural and heritage in Rwanda."
Cultural and heritage,What religious centers attract visitors?,"Churches, mosques, and spiritual sites offer architecture, spiritual experiences, and cultural significance.","Churches, mosques, and spiritual sites offer architecture, spiritual experiences, and cultural significance. is a notable topic related to Cultural and heritage in Rwanda."
Cultural and heritage,What cultural centers preserve heritage?,"Cultural centers preserve heritage through museums, performance spaces, craft workshops, and educational programs.","Cultural centers preserve heritage through museums, performance spaces, craft workshops, and educational programs. is a notable topic related to Cultural and heritage in Rwanda."
Cultural and heritage,How did cricket become popular in Rwanda?,Cricket grew after 1994 when Rwandans returning from exile in cricket-playing countries introduced the sport.,Cricket grew after 1994 when Rwandans returning from exile in cricket-playing countries introduced the sport. is a notable topic related to Cultural and heritage in Rwanda.
Cultural and heritage,What is the role of cattle in Rwandan culture?,"Cattle symbolize wealth, status, and play a central role in traditional ceremonies and social relationships.","Cattle symbolize wealth, status, and play a central role in traditional ceremonies and social relationships. is a notable topic related to Cultural and heritage in Rwanda."
Cultural and heritage,What is the role of elders in Rwandan society?,"Elders serve as keepers of wisdom, tradition, and cultural knowledge.","Elders serve as keepers of wisdom, tradition, and cultural knowledge. is a notable topic related to Cultural and heritage in Rwanda."
Cultural and heritage,What is Isombe and what are its ingredients?,"Isombe is made from cassava leaves, peanuts, and sometimes dried fish or meat.","Isombe is made from cassava leaves, peanuts, and sometimes dried fish or meat. is a notable topic related to Cultural and heritage in Rwanda."
Cultural and heritage,What preservation methods are used for food?,"Drying, smoking, fermentation, and refrigeration are common preservation methods.","Drying, smoking, fermentation, and refrigeration are common preservation methods. is a notable topic related to Cultural and heritage in Rwanda."
Cultural and heritage,What traditional food storage methods exist?,"Granaries, underground storage, clay pots, baskets, and smoking preserve food.","Granaries, underground storage, clay pots, baskets, and smoking preserve food. is a notable topic related to Cultural and heritage in Rwanda."
Cultural and heritage,What is the significance of communal cooking?,"Communal cooking preserves knowledge, strengthens social ties, and maintains cultural practices.","Communal cooking preserves knowledge, strengthens social ties, and maintains cultural practices. is a notable topic related to Cultural and heritage in Rwanda."
Cultural and heritage,How do food practices reflect Rwandan values?,"Food practices reflect sharing, community, respect, sustainability, gratitude, and cultural continuity.","Food practices reflect sharing, community, respect, sustainability, gratitude, and cultural continuity. is a notable topic related to Cultural and heritage in Rwanda."
Cultural and heritage,What traditional beverages are popular in Rwanda?,"Urwagwa, Ikigage, Ikivuguto, traditional tea, and fruit juices.","Urwagwa, Ikigage, Ikivuguto, traditional tea, and fruit juices. is a notable topic related to Cultural and heritage in Rwanda."
Cultural and heritage,How do traditional artisans pass on their skills?,"Through apprenticeships, family teaching, community workshops, and hands-on demonstrations.","Through apprenticeships, family teaching, community workshops, and hands-on demonstrations. is a notable topic related to Cultural and heritage in Rwanda."
Cultural and heritage,What traditional building styles exist in Rwanda?,"Conical thatched-roof houses made from bamboo, wood, and grass, with royal palace beehive architecture.","Conical thatched-roof houses made from bamboo, wood, and grass, with royal palace beehive architecture. is a notable topic related to Cultural and heritage in Rwanda."
Cultural and heritage,What is the cultural significance of banana beer?,"Banana beer is ceremonial, symbolizes hospitality, and is part of social gatherings and rituals.","Banana beer is ceremonial, symbolizes hospitality, and is part of social gatherings and rituals. is a notable topic related to Cultural and heritage in Rwanda."
Cultural and heritage,What is the meaning of traditional Rwandan colors?,"Red represents bravery, white peace, blue happiness, and green hope.","Red represents bravery, white peace, blue happiness, and green hope. is a notable topic related to Cultural and heritage in Rwanda."
Cultural and heritage,What traditional cooking utensils are used?,"Clay pots, wooden spoons, grinding stones, baskets, gourds, and traditional serving dishes.","Clay pots, wooden spoons, grinding stones, baskets, gourds, and traditional serving dishes. is a notable topic related to Cultural and heritage in Rwanda."
Cultural and heritage,How do food traditions connect generations?,"Through recipe sharing, cooking together, storytelling, celebrations, and knowledge transfer.","Through recipe sharing, cooking together, storytelling, celebrations, and knowledge transfer. is a notable topic related to Cultural and heritage in Rwanda."
Cultural and heritage,What are traditional Rwandan seasonal festivals?,"Festivals celebrate planting, harvest, ancestors, and natural events.","Festivals celebrate planting, harvest, ancestors, and natural events. is a notable topic related to Cultural and heritage in Rwanda."
Cultural and heritage,How are traditional stories and legends preserved?,"Through oral tradition, storytelling sessions, written documentation, and media integration.","Through oral tradition, storytelling sessions, written documentation, and media integration. is a notable topic related to Cultural and heritage in Rwanda."
Cultural and heritage,How do children learn traditional cooking?,By observing and helping elders with food preparation and family meals.,By observing and helping elders with food preparation and family meals. is a notable topic related to Cultural and heritage in Rwanda.
Cultural and heritage,What are traditional Rwandan desserts?,"Honey-based treats, fruit preparations, fermented beverages, and special occasion sweets.","Honey-based treats, fruit preparations, fermented beverages, and special occasion sweets. is a notable topic related to Cultural and heritage in Rwanda."
Cultural and heritage,What role does honey play in Rwandan cuisine?,"Honey is used as a sweetener, in beer making, meat preparation, and desserts.","Honey is used as a sweetener, in beer making, meat preparation, and desserts. is a notable topic related to Cultural and heritage in Rwanda."
Cultural and heritage,What is Inyama n'ubuki and how is it prepared?,"Meat cooked with honey, slow-cooked with spices and sometimes vegetables.","Meat cooked with honey, slow-cooked with spices and sometimes vegetables. is a notable topic related to Cultural and heritage in Rwanda."
Cultural and heritage,How are plantains prepared in Rwandan cuisine?,"Boiled, steamed, fried, roasted, mashed, or mixed with beans.","Boiled, steamed, fried, roasted, mashed, or mixed with beans. is a notable topic related to Cultural and heritage in Rwanda."
Cultural and heritage,What is the role of women in food preparation?,"Women preserve recipes, plan nutrition, store food, and teach cooking skills.","Women preserve recipes, plan nutrition, store food, and teach cooking skills. is a notable topic related to Cultural and heritage in Rwanda."
Cultural and heritage,What cooking methods are traditional in Rwanda?,"Boiling, steaming, roasting over fire, clay pot cooking, and fermentation.","Boiling, steaming, roasting over fire, clay pot cooking, and fermentation. is a notable topic related to Cultural and heritage in Rwanda."
Cultural and heritage,What administrative centers are worth visiting?,"They provide insights into governance, civic life, and public services.","They provide insights into governance, civic life, and public services. is a notable topic related to Cultural and heritage in Rwanda."
Cultural and heritage,What communication centers connect rural areas?,"They provide internet, phone, business services, and access to the outside world.","They provide internet, phone, business services, and access to the outside world. is a notable topic related to Cultural and heritage in Rwanda."
Cultural and heritage,What is Umuganda and why is it important in Rwanda?,"A monthly community service day for public works, community improvement, and national unity.","A monthly community service day for public works, community improvement, and national unity. is a notable topic related to Cultural and heritage in Rwanda."
Cultural and heritage,What does the final gallery of the museum focus on?,"Traditional customs, beliefs, history, poetry, oral traditions, and cosmology.","Traditional customs, beliefs, history, poetry, oral traditions, and cosmology. is a notable topic related to Cultural and heritage in Rwanda."
Cultural and heritage,What traditional healing practices exist in Rwanda?,"Medicinal plants, spiritual rituals, holistic approaches, and knowledge passed through generations.","Medicinal plants, spiritual rituals, holistic approaches, and knowledge passed through generations. is a notable topic related to Cultural and heritage in Rwanda."
Cultural and heritage,What traditional Rwandan musical instruments exist?,"Inanga (zither), umuduri (musical bow), ingoma (drums), and ikembe (thumb piano).","Inanga (zither), umuduri (musical bow), ingoma (drums), and ikembe (thumb piano). is a notable topic related to Cultural and heritage in Rwanda."
Cultural and heritage,Who are famous traditional Rwandan dancers?,Groups like Urukerereza and Abanyerondo preserve traditional dance forms.,Groups like Urukerereza and Abanyerondo preserve traditional dance forms. is a notable topic related to Cultural and heritage in Rwanda.
Cultural and heritage,What is the significance of traditional weaving?,"Weaving produces baskets, mats, and clothing, symbolizing artistry, heritage, and social identity.","Weaving produces baskets, mats, and clothing, symbolizing artistry, heritage, and social identity. is a notable topic related to Cultural and heritage in Rwanda."
Cultural and heritage,What are Rwandan traditional masks used for?,"Masks are used in rituals, ceremonies, dances, and storytelling to convey spiritual and cultural themes.","Masks are used in rituals, ceremonies, dances, and storytelling to convey spiritual and cultural themes. is a notable topic related to Cultural and heritage in Rwanda."
Cultural and heritage,What role do griots play in Rwandan culture?,"Griots are storytellers, historians, and musicians who preserve oral traditions.","Griots are storytellers, historians, and musicians who preserve oral traditions. is a notable topic related to Cultural and heritage in Rwanda."
Cultural and heritage,What traditional Rwandan jewelry exists?,"Beaded necklaces, bracelets, earrings, and ceremonial ornaments worn during rituals and celebrations.","Beaded necklaces, bracelets, earrings, and ceremonial ornaments worn during rituals and celebrations. is a notable topic related to Cultural and heritage in Rwanda."
Cultural and heritage,What is the importance of royal drums in Rwandan culture?,"Royal drums symbolize authority, used in ceremonies, and convey messages during festivals.","Royal drums symbolize authority, used in ceremonies, and convey messages during festivals. is a notable topic related to Cultural and heritage in Rwanda."
Cultural and heritage,What are common motifs in Imigongo art?,"Geometric patterns like spirals, triangles, and lines representing nature and cultural symbols.","Geometric patterns like spirals, triangles, and lines representing nature and cultural symbols. is a notable topic related to Cultural and heritage in Rwanda."
Cultural and heritage,What traditional Rwandan dances teach social values?,"Intore dances teach courage, cooperation, respect, and storytelling through movement.","Intore dances teach courage, cooperation, respect, and storytelling through movement. is a notable topic related to Cultural and heritage in Rwanda."
Cultural and heritage,What are Rwandan traditional textiles called?,"Umushanana, a traditional attire worn during ceremonies and cultural events.","Umushanana, a traditional attire worn during ceremonies and cultural events. is a notable topic related to Cultural and heritage in Rwanda."
Cultural and heritage,What are Rwandan heritage conservation practices?,"Preserving traditional homes, oral history, crafts, cultural rituals, and museum documentation.","Preserving traditional homes, oral history, crafts, cultural rituals, and museum documentation. is a notable topic related to Cultural and heritage in Rwanda."
Cultural and heritage,How are traditional Rwandan funeral rituals conducted?,"They include community gatherings, offerings, ceremonial songs, dances, and respect for ancestors.","They include community gatherings, offerings, ceremonial songs, dances, and respect for ancestors. is a notable topic related to Cultural and heritage in Rwanda."
Cultural and heritage,What is the role of storytelling in Rwandan culture?,"Storytelling educates, entertains, preserves history, and reinforces community values.","Storytelling educates, entertains, preserves history, and reinforces community values. is a notable topic related to Cultural and heritage in Rwanda."
Cultural and heritage,How are traditional Rwandan weddings conducted?,"They include dowry negotiation, ceremonial dances, rituals, feasts, and blessing from elders.","They include dowry negotiation, ceremonial dances, rituals, feasts, and blessing from elders. is a notable topic related to Cultural and heritage in Rwanda."
Cultural and heritage,What is the significance of cow dung in Rwandan art?,"Used in Imigongo, it represents creativity, sustainability, and cultural identity.","Used in Imigongo, it represents creativity, sustainability, and cultural identity. is a notable topic related to Cultural and heritage in Rwanda."
Cultural and heritage,How do traditional markets preserve culture?,"Markets maintain traditional food practices, crafts, social interaction, and cultural exchange.","Markets maintain traditional food practices, crafts, social interaction, and cultural exchange. is a notable topic related to Cultural and heritage in Rwanda."
Cultural and heritage,What are Rwandan traditional lullabies?,"Songs sung to children conveying cultural stories, moral lessons, and soothing rhythms.","Songs sung to children conveying cultural stories, moral lessons, and soothing rhythms. is a notable topic related to Cultural and heritage in Rwanda."
Cultural and heritage,What is the importance of agricultural rituals?,"Rituals mark planting and harvest seasons, ensure good yield, and connect communities to land.","Rituals mark planting and harvest seasons, ensure good yield, and connect communities to land. is a notable topic related to Cultural and heritage in Rwanda."
Cultural and heritage,What are examples of historical Rwandan houses?,"Royal palaces, Batwa huts, and traditional family homesteads reflecting cultural architecture.","Royal palaces, Batwa huts, and traditional family homesteads reflecting cultural architecture. is a notable topic related to Cultural and heritage in Rwanda."
Cultural and heritage,How is traditional salt produced in Rwanda?,Salt is extracted from natural salt lakes through evaporation and used in cooking and rituals.,Salt is extracted from natural salt lakes through evaporation and used in cooking and rituals. is a notable topic related to Cultural and heritage in Rwanda.
Cultural and heritage,What is the role of traditional Rwandan pottery?,"Used for storage, cooking, ceremonies, and artistic expression.","Used for storage, cooking, ceremonies, and artistic expression. is a notable topic related to Cultural and heritage in Rwanda."
Cultural and heritage,What is the cultural significance of the Inyambo cattle?,"Inyambo cattle symbolize prestige, wealth, and are used in royal and ceremonial contexts.","Inyambo cattle symbolize prestige, wealth, and are used in royal and ceremonial contexts. is a notable topic related to Cultural and heritage in Rwanda."
Cultural and heritage,How do traditional rituals mark life stages?,"Rituals celebrate birth, coming-of-age, marriage, and death, reinforcing cultural identity.","Rituals celebrate birth, coming-of-age, marriage, and death, reinforcing cultural identity. is a notable topic related to Cultural and heritage in Rwanda."
Cultural and heritage,What are Rwandan traditional medicinal plants?,"Plants like Artemisia, Aloe, and Lemongrass are used in healing practices.","Plants like Artemisia, Aloe, and Lemongrass are used in healing practices. is a notable topic related to Cultural and heritage in Rwanda."
Cultural and heritage,What are Rwandan traditional musical festivals?,"Festivals celebrating dance, music, drumming, and oral storytelling, often tied to seasons or ceremonies.","Festivals celebrating dance, music, drumming, and oral storytelling, often tied to seasons or ceremonies. is a notable topic related to Cultural and heritage in Rwanda."
Cultural and heritage,What is the significance of traditional Rwandan storytelling masks?,"Used to depict characters, spirits, or morals in community performances.","Used to depict characters, spirits, or morals in community performances. is a notable topic related to Cultural and heritage in Rwanda."
Cultural and heritage,What is the role of women in preserving Rwandan cultural heritage?,"Women pass on culinary, craft, ritual, and storytelling knowledge across generations.","Women pass on culinary, craft, ritual, and storytelling knowledge across generations. is a notable topic related to Cultural and heritage in Rwanda."
Cultural and heritage,What are Rwandan traditional symbols and their meanings?,"Symbols in crafts, clothing, and art represent unity, strength, fertility, and spiritual beliefs.","Symbols in crafts, clothing, and art represent unity, strength, fertility, and spiritual beliefs. is a notable topic related to Cultural and heritage in Rwanda."
Cultural and heritage,How are traditional Rwandan games linked to teaching skills?,"They teach strategy, cooperation, patience, respect, and social cohesion.","They teach strategy, cooperation, patience, respect, and social cohesion. is a notable topic related to Cultural and heritage in Rwanda."
Cultural and heritage,What are traditional Rwandan pottery techniques?,"Hand-building, coiling, firing in open flames, and decorative etching are common techniques.","Hand-building, coiling, firing in open flames, and decorative etching are common techniques. is a notable topic related to Cultural and heritage in Rwanda."
Cultural and heritage,What are Rwandan traditional ornaments?,"Beaded jewelry, metalwork, ceremonial headdresses, and woven accessories.","Beaded jewelry, metalwork, ceremonial headdresses, and woven accessories. is a notable topic related to Cultural and heritage in Rwanda."
Cultural and heritage,How are cultural festivals celebrated in Rwanda?,"Through music, dance, rituals, traditional attire, communal feasts, and storytelling.","Through music, dance, rituals, traditional attire, communal feasts, and storytelling. is a notable topic related to Cultural and heritage in Rwanda."
Cultural and heritage,What is the cultural significance of traditional Rwandan baskets?,"Used for food storage, ceremonies, gifts, and artistic expression.","Used for food storage, ceremonies, gifts, and artistic expression. is a notable topic related to Cultural and heritage in Rwanda."
Cultural and heritage,What are examples of traditional Rwandan embroidery?,"Decorative stitching on clothing, mats, and ceremonial items representing local motifs.","Decorative stitching on clothing, mats, and ceremonial items representing local motifs. is a notable topic related to Cultural and heritage in Rwanda."
Cultural and heritage,What is the role of elders in preserving music and dance?,"Elders teach traditional songs, rhythms, and choreography to younger generations.","Elders teach traditional songs, rhythms, and choreography to younger generations. is a notable topic related to Cultural and heritage in Rwanda."
Cultural and heritage,How is traditional Rwandan beer served during rituals?,"Served in communal gatherings, often in gourds, symbolizing hospitality and social bonding.","Served in communal gatherings, often in gourds, symbolizing hospitality and social bonding. is a notable topic related to Cultural and heritage in Rwanda."
Cultural and heritage,What are traditional Rwandan myths and legends?,"Stories of heroes, spirits, animals, and ancestors conveying moral lessons and cultural beliefs.","Stories of heroes, spirits, animals, and ancestors conveying moral lessons and cultural beliefs. is a notable topic related to Cultural and heritage in Rwanda."
Cultural and heritage,How do Rwandan households preserve cultural artifacts?,"Artifacts are displayed, used in ceremonies, and maintained through family knowledge.","Artifacts are displayed, used in ceremonies, and maintained through family knowledge. is a notable topic related to Cultural and heritage in Rwanda."
Cultural and heritage,What is the significance of traditional Rwandan music in rituals?,"Music accompanies ceremonies, conveys spiritual messages, and strengthens community identity.","Music accompanies ceremonies, conveys spiritual messages, and strengthens community identity. is a notable topic related to Cultural and heritage in Rwanda."
Cultural and heritage,What are traditional Rwandan rites of passage?,"Ceremonies marking birth, initiation, marriage, and death, teaching responsibilities and cultural values.","Ceremonies marking birth, initiation, marriage, and death, teaching responsibilities and cultural values. is a notable topic related to Cultural and heritage in Rwanda."
Cultural and heritage,How is Rwandan oral history maintained?,"Through storytelling, songs, proverbs, community gatherings, and written documentation.","Through storytelling, songs, proverbs, community gatherings, and written documentation. is a notable topic related to Cultural and heritage in Rwanda."
Cultural and heritage,What are examples of Rwandan ceremonial attire?,"Umushanana for women, traditional skirts, headdresses, and decorated fabrics for men.","Umushanana for women, traditional skirts, headdresses, and decorated fabrics for men. is a notable topic related to Cultural and heritage in Rwanda."
Cultural and heritage,What is the importance of traditional dance competitions?,"They preserve dance forms, teach values, foster community pride, and entertain.","They preserve dance forms, teach values, foster community pride, and entertain. is a notable topic related to Cultural and heritage in Rwanda."
Cultural and heritage,How are traditional Rwandan recipes documented?,"Through family cookbooks, cultural centers, demonstrations, and digital media.","Through family cookbooks, cultural centers, demonstrations, and digital media. is a notable topic related to Cultural and heritage in Rwanda."
Cultural and heritage,What is the role of music in Rwandan social events?,"Music accompanies celebrations, reinforces traditions, and provides communal entertainment.","Music accompanies celebrations, reinforces traditions, and provides communal entertainment. is a notable topic related to Cultural and heritage in Rwanda."
Cultural and heritage,How is storytelling integrated into Rwandan education?,"Through oral lessons, literature, cultural workshops, and performance arts.","Through oral lessons, literature, cultural workshops, and performance arts. is a notable topic related to Cultural and heritage in Rwanda."
Cultural and heritage,What are examples of traditional Rwandan instruments used in celebrations?,"Drums (ingoma), inanga, umuduri, ikembe, and flutes.","Drums (ingoma), inanga, umuduri, ikembe, and flutes. is a notable topic related to Cultural and heritage in Rwanda."
Cultural and heritage,What are Rwandan traditional social norms reflected in food?,"Sharing, respect for elders, communal dining, and seasonal observances.","Sharing, respect for elders, communal dining, and seasonal observances. is a notable topic related to Cultural and heritage in Rwanda."
Cultural and heritage,What are traditional Rwandan ceremonial dances?,"Intore dances, umuganda dances, and royal performance dances for celebrations.","Intore dances, umuganda dances, and royal performance dances for celebrations. is a notable topic related to Cultural and heritage in Rwanda."
Cultural and heritage,How are cultural museums used for education?,"They showcase artifacts, offer workshops, provide guided tours, and preserve heritage.","They showcase artifacts, offer workshops, provide guided tours, and preserve heritage. is a notable topic related to Cultural and heritage in Rwanda."
oos,What is the capital of France?,"Sorry, I don't have information about that.","Sorry, I don't have information about that. is outside my knowledge scope about Rwanda tourism."
oos,How to cook spaghetti?,"Sorry, I don't have information about that.","Sorry, I don't have information about that. is outside my knowledge scope about Rwanda tourism."
oos,Who won the World Cup?,"Sorry, I don't have information about that.","Sorry, I don't have information about that. is outside my knowledge scope about Rwanda tourism."
oos,What is Python programming?,"Sorry, I don't have information about that.","Sorry, I don't have information about that. is outside my knowledge scope about Rwanda tourism."
oos,Where is the Eiffel Tower?,"Sorry, I don't have information about that.","Sorry, I don't have information about that. is outside my knowledge scope about Rwanda tourism."
oos,How to learn machine learning?,"Sorry, I don't have information about that.","Sorry, I don't have information about that. is outside my knowledge scope about Rwanda tourism."
oos,What is the weather in Tokyo?,"Sorry, I don't have information about that.","Sorry, I don't have information about that. is outside my knowledge scope about Rwanda tourism."
oos,Who is the president of USA?,"Sorry, I don't have information about that.","Sorry, I don't have information about that. is outside my knowledge scope about Rwanda tourism."
